Poster_Link,Series_Title,Released_Year,Certificate,Runtime,Genre,IMDB_Rating,Overview,Meta_score,Director,Star1,Star2,Star3,Star4,No_of_Votes,Gross
"https://m.media-amazon.com/images/M/MV5BOTA5MzQ3MzI1NV5BMl5BanBnXkFtZTgwNTcxNTYxMTE@._V1_UX67_CR0,0,67,98_AL_.jpg",Office Space,1999,R,89 min,Comedy,7.7,Three company workers who hate their jobs decide to rebel against their greedy boss.,68.0,Mike Judge,Ron Livingston,Jennifer Aniston,David Herman,Ajay Naidu,241575,"10,824,921"
"https://m.media-amazon.com/images/M/MV5BM2FlNzE0ZmUtMmVkZS00MWQ3LWE4OWQtYjQwZjdhNzRmNWE2XkEyXkFqcGdeQXVyMTAwMzUyOTc@._V1_UX67_CR0,0,67,98_AL_.jpg",Happiness,1998,,134 min,"Comedy, Drama",7.7,"The lives of several individuals intertwine as they go about their lives in their own unique ways, engaging in acts society as a whole might find disturbing in a desperate search for human connection.",81.0,Todd Solondz,Jane Adams,Jon Lovitz,Philip Seymour Hoffman,Dylan Baker,66408,"2,807,390"
"https://m.media-amazon.com/images/M/MV5BMDZkMTUxYWEtMDY5NS00ZTA5LTg3MTItNTlkZWE1YWRjYjMwL2ltYWdlL2ltYWdlXkEyXkFqcGdeQXVyMTQxNzMzNDI@._V1_UX67_CR0,0,67,98_AL_.jpg",Training Day,2001,A,122 min,"Crime, Drama, Thriller",7.7,A rookie cop spends his first day as a Los Angeles narcotics officer with a rogue detective who isn't what he appears to be.,69.0,Antoine Fuqua,Denzel Washington,Ethan Hawke,Scott Glenn,Tom Berenger,390247,"76,631,907"
"https://m.media-amazon.com/images/M/MV5BMjE2OTc3OTk2M15BMl5BanBnXkFtZTgwMjg2NjIyMDE@._V1_UX67_CR0,0,67,98_AL_.jpg",Rushmore,1998,UA,93 min,"Comedy, Drama, Romance",7.7,The extracurricular king of Rushmore Preparatory School is put on academic probation.,86.0,Wes Anderson,Jason Schwartzman,Bill Murray,Olivia Williams,Seymour Cassel,169229,"17,105,219"
"https://m.media-amazon.com/images/M/MV5BYjA2MTA1MjUtYmUyNy00NGZiLTk2NTAtMDk3N2M3YmMwOTc1XkEyXkFqcGdeQXVyMjA0MzYwMDY@._V1_UY98_CR0,0,67,98_AL_.jpg",Abre los ojos,1997,U,119 min,"Drama, Mystery, Sci-Fi",7.7,"A very handsome man finds the love of his life, but he suffers an accident and needs to have his face rebuilt by surgery after it is severely disfigured.",,Alejandro Amenábar,Eduardo Noriega,Penélope Cruz,Chete Lera,Fele Martínez,64082,"368,234"
"https://m.media-amazon.com/images/M/MV5BYmUxY2MyOTQtYjRlMi00ZWEwLTkzODctZDMxNDcyNTFhYjNjXkEyXkFqcGdeQXVyNDk3NzU2MTQ@._V1_UY98_CR1,0,67,98_AL_.jpg",Being John Malkovich,1999,R,113 min,"Comedy, Drama, Fantasy",7.7,A puppeteer discovers a portal that leads literally into the head of movie star John Malkovich.,90.0,Spike Jonze,John Cusack,Cameron Diaz,Catherine Keener,John Malkovich,312542,"22,858,926"
"https://m.media-amazon.com/images/M/MV5BNWMxZTgzMWEtMTU0Zi00NDc5LWFkZjctMzUxNDIyNzZiMmNjXkEyXkFqcGdeQXVyMTQxNzMzNDI@._V1_UX67_CR0,0,67,98_AL_.jpg",As Good as It Gets,1997,A,139 min,"Comedy, Drama, Romance",7.7,"A single mother and waitress, a misanthropic author, and a gay artist form an unlikely friendship after the artist is assaulted in a robbery.",67.0,James L. Brooks,Jack Nicholson,Helen Hunt,Greg Kinnear,Cuba Gooding Jr.,275755,"148,478,011"
"https://m.media-amazon.com/images/M/MV5BZWFjYmZmZGQtYzg4YS00ZGE5LTgwYzAtZmQwZjQ2NDliMGVmXkEyXkFqcGdeQXVyNTUyMzE4Mzg@._V1_UY98_CR0,0,67,98_AL_.jpg",The Fifth Element,1997,UA,126 min,"Action, Adventure, Sci-Fi",7.7,"In the colorful future, a cab driver unwittingly becomes the central figure in the search for a legendary cosmic weapon to keep Evil and Mr. Zorg at bay.",52.0,Luc Besson,Bruce Willis,Milla Jovovich,Gary Oldman,Ian Holm,434125,"63,540,020"
"https://m.media-amazon.com/images/M/MV5BZjFkOWM5NDUtODYwOS00ZDg0LWFkZGUtYzBkYzNjZjU3ODE3XkEyXkFqcGdeQXVyNzQzNzQxNzI@._V1_UX67_CR0,0,67,98_AL_.jpg",Le dîner de cons,1998,PG-13,80 min,Comedy,7.7,"A few friends have a weekly fools' dinner, where each brings a fool along. Pierre finds a champion fool for next dinner. Surprise.",73.0,Francis Veber,Thierry Lhermitte,Jacques Villeret,Francis Huster,Daniel Prévost,37424,"4,065,116"
"https://m.media-amazon.com/images/M/MV5BYzMzMDZkYWEtODIzNS00YjI3LTkxNTktOWEyZGM3ZWI2MWM4XkEyXkFqcGdeQXVyNzkwMjQ5NzM@._V1_UX67_CR0,0,67,98_AL_.jpg",Donnie Brasco,1997,A,127 min,"Biography, Crime, Drama",7.7,"An FBI undercover agent infiltrates the mob and finds himself identifying more with the mafia life, at the expense of his regular one.",76.0,Mike Newell,Al Pacino,Johnny Depp,Michael Madsen,Bruno Kirby,279318,"41,909,762"
"https://m.media-amazon.com/images/M/MV5BMTQzMzcxMzUyMl5BMl5BanBnXkFtZTgwNDI1MjgxMTE@._V1_UX67_CR0,0,67,98_AL_.jpg",Shine,1996,U,105 min,"Biography, Drama, Music",7.7,"Pianist David Helfgott, driven by his father and teachers, has a breakdown. Years later he returns to the piano, to popular if not critical acclaim.",87.0,Scott Hicks,Geoffrey Rush,Armin Mueller-Stahl,Justin Braine,Sonia Todd,51350,"35,811,509"
"https://m.media-amazon.com/images/M/MV5BZTM2NWI2OGYtYWNhMi00ZTlmLTg2ZTAtMmI5NWRjODA5YTE1XkEyXkFqcGdeQXVyODE2OTYwNTg@._V1_UX67_CR0,0,67,98_AL_.jpg",Primal Fear,1996,A,129 min,"Crime, Drama, Mystery",7.7,"An altar boy is accused of murdering a priest, and the truth is buried several layers deep.",47.0,Gregory Hoblit,Richard Gere,Laura Linney,Edward Norton,John Mahoney,189716,"56,116,183"
"https://m.media-amazon.com/images/M/MV5BM2U5OWM5NWQtZDYwZS00NmI3LTk4NDktNzcwZjYzNmEzYWU1XkEyXkFqcGdeQXVyNjMwMjk0MTQ@._V1_UY98_CR0,0,67,98_AL_.jpg",Hamlet,1996,PG-13,242 min,Drama,7.7,"Hamlet, Prince of Denmark, returns home to find his father murdered and his mother remarrying the murderer, his uncle. Meanwhile, war is brewing.",,Kenneth Branagh,Kenneth Branagh,Julie Christie,Derek Jacobi,Kate Winslet,35991,"4,414,535"
"https://m.media-amazon.com/images/M/MV5BZDQzMGE5ODYtZDdiNC00MzZjLTg2NjAtZTk0ODlkYmY4MTQzXkEyXkFqcGdeQXVyMTQxNzMzNDI@._V1_UX67_CR0,0,67,98_AL_.jpg",A Little Princess,1995,U,97 min,"Drama, Family, Fantasy",7.7,A young girl is relegated to servitude at a boarding school when her father goes missing and is presumed dead.,83.0,Alfonso Cuarón,Liesel Matthews,Eleanor Bron,Liam Cunningham,Rusty Schwimmer,32236,"10,019,307"
"https://m.media-amazon.com/images/M/MV5BZjM4NWRhYTQtYTJlNC00ZmMyLWEzNTAtZDA2MjJjYTQ5ZTVmXkEyXkFqcGdeQXVyMTQxNzMzNDI@._V1_UX67_CR0,0,67,98_AL_.jpg",Do lok tin si,1995,UA,99 min,"Comedy, Crime, Drama",7.7,"This Hong Kong-set crime drama follows the lives of a hitman, hoping to get out of the business, and his elusive female partner.",71.0,Kar-Wai Wong,Leon Lai,Michelle Reis,Takeshi Kaneshiro,Charlie Yeung,26429,
"https://m.media-amazon.com/images/M/MV5BZmVhNWIzOTMtYmVlZC00ZDVmLWIyODEtODEzOTAxYjAwMzVlXkEyXkFqcGdeQXVyMzIwNDY4NDI@._V1_UY98_CR1,0,67,98_AL_.jpg",Il postino,1994,U,108 min,"Biography, Comedy, Drama",7.7,"A simple Italian postman learns to love poetry while delivering mail to a famous poet, and then uses this to woo local beauty Beatrice.",81.0,Michael Radford,Massimo Troisi,Massimo Troisi,Philippe Noiret,Maria Grazia Cucinotta,33600,"21,848,932"
"https://m.media-amazon.com/images/M/MV5BNzE1Njk0NmItNDhlMC00ZmFlLWI4ZTUtYTY4ZjgzNjkyMTU1XkEyXkFqcGdeQXVyMTQxNzMzNDI@._V1_UX67_CR0,0,67,98_AL_.jpg",Clerks,1994,R,92 min,Comedy,7.7,"A day in the lives of two convenience clerks named Dante and Randal as they annoy customers, discuss movies, and play hockey on the store roof.",70.0,Kevin Smith,Brian O'Halloran,Jeff Anderson,Marilyn Ghigliotti,Lisa Spoonauer,211450,"3,151,130"
"https://m.media-amazon.com/images/M/MV5BZWY0ODc2NDktYmYxNS00MGZiLTk5YjktZjgwZWFhNDQ0MzNhXkEyXkFqcGdeQXVyNTI4MjkwNjA@._V1_UX67_CR0,0,67,98_AL_.jpg",Short Cuts,1993,R,188 min,"Comedy, Drama",7.7,The day-to-day lives of several suburban Los Angeles residents.,79.0,Robert Altman,Andie MacDowell,Julianne Moore,Tim Robbins,Bruce Davison,42275,"6,110,979"
"https://m.media-amazon.com/images/M/MV5BNDE0MWE1ZTMtOWFkMS00YjdiLTkwZTItMDljYjY3MjM0NTk5XkEyXkFqcGdeQXVyNDYyMDk5MTU@._V1_UX67_CR0,0,67,98_AL_.jpg",Philadelphia,1993,UA,125 min,Drama,7.7,"When a man with HIV is fired by his law firm because of his condition, he hires a homophobic small time lawyer as the only willing advocate for a wrongful dismissal suit.",66.0,Jonathan Demme,Tom Hanks,Denzel Washington,Roberta Maxwell,Buzz Kilman,224169,"77,324,422"
"https://m.media-amazon.com/images/M/MV5BN2Y0NWRkNWItZWEwNi00MDNlLWJmZDYtNTkwYzI5Nzg4MjVjXkEyXkFqcGdeQXVyMTMxODk2OTU@._V1_UX67_CR0,0,67,98_AL_.jpg",The Muppet Christmas Carol,1992,G,85 min,"Comedy, Drama, Family",7.7,The Muppet characters tell their version of the classic tale of an old and bitter miser's redemption on Christmas Eve.,64.0,Brian Henson,Michael Caine,Kermit the Frog,Dave Goelz,Miss Piggy,50298,"27,281,507"
"https://m.media-amazon.com/images/M/MV5BZDkzOTFmMTUtMmI2OS00MDE4LTg5YTUtODMwNDMzNmI5OGYwL2ltYWdlXkEyXkFqcGdeQXVyMTQxNzMzNDI@._V1_UY98_CR3,0,67,98_AL_.jpg",Malcolm X,1992,U,202 min,"Biography, Drama, History",7.7,"Biographical epic of the controversial and influential Black Nationalist leader, from his early life and career as a small-time gangster, to his ministry as a member of the Nation of Islam.",73.0,Spike Lee,Denzel Washington,Angela Bassett,Delroy Lindo,Spike Lee,85819,"48,169,908"
"https://m.media-amazon.com/images/M/MV5BZDNiYmRkNDYtOWU1NC00NmMxLWFkNmUtMGI5NTJjOTJmYTM5XkEyXkFqcGdeQXVyNzQ1ODk3MTQ@._V1_UX67_CR0,0,67,98_AL_.jpg",The Last of the Mohicans,1992,UA,112 min,"Action, Adventure, Drama",7.7,Three trappers protect the daughters of a British Colonel in the midst of the French and Indian War.,76.0,Michael Mann,Daniel Day-Lewis,Madeleine Stowe,Russell Means,Eric Schweig,150409,"75,505,856"
"https://m.media-amazon.com/images/M/MV5BZjVkYmFkZWQtZmNjYy00NmFhLTliMWYtNThlOTUxNjg5ODdhXkEyXkFqcGdeQXVyMTMxODk2OTU@._V1_UY98_CR4,0,67,98_AL_.jpg",Kurenai no buta,1992,U,94 min,"Animation, Adventure, Comedy",7.7,"In 1930s Italy, a veteran World War I pilot is cursed to look like an anthropomorphic pig.",83.0,Hayao Miyazaki,Shûichirô Moriyama,Tokiko Katô,Bunshi Katsura Vi,Tsunehiko Kamijô,77798,
"https://m.media-amazon.com/images/M/MV5BNTYzN2MxODMtMDBhOC00Y2M0LTgzMTItMzQ4NDIyYWIwMDEzL2ltYWdlL2ltYWdlXkEyXkFqcGdeQXVyNTc1NTQxODI@._V1_UX67_CR0,0,67,98_AL_.jpg",Glengarry Glen Ross,1992,R,100 min,"Crime, Drama, Mystery",7.7,An examination of the machinations behind the scenes at a real estate office.,82.0,James Foley,Al Pacino,Jack Lemmon,Alec Baldwin,Alan Arkin,95826,"10,725,228"
"https://m.media-amazon.com/images/M/MV5BMmRlZDQ1MmUtMzE2Yi00YTkxLTk1MGMtYmIyYWQwODcxYzRlXkEyXkFqcGdeQXVyNTI4MjkwNjA@._V1_UX67_CR0,0,67,98_AL_.jpg",A Few Good Men,1992,U,138 min,"Drama, Thriller",7.7,Military lawyer Lieutenant Daniel Kaffee defends Marines accused of murder. They contend they were acting under orders.,62.0,Rob Reiner,Tom Cruise,Jack Nicholson,Demi Moore,Kevin Bacon,235388,"141,340,178"
"https://m.media-amazon.com/images/M/MV5BOWQ1ZWE0MTQtMmEwOS00YjA3LTgyZTAtNjY5ODEyZTJjNDI2XkEyXkFqcGdeQXVyNjE5MjUyOTM@._V1_UX67_CR0,0,67,98_AL_.jpg",Fried Green Tomatoes,1991,PG-13,130 min,Drama,7.7,A housewife who is unhappy with her life befriends an old lady in a nursing home and is enthralled by the tales she tells of people she used to know.,64.0,Jon Avnet,Kathy Bates,Jessica Tandy,Mary Stuart Masterson,Mary-Louise Parker,66941,"82,418,501"
"https://m.media-amazon.com/images/M/MV5BMTgxMDMxMTctNDY0Zi00ZmNlLWFlYmQtODA2YjY4MDk4MjU1XkEyXkFqcGdeQXVyNTc1NTQxODI@._V1_UX67_CR0,0,67,98_AL_.jpg",Barton Fink,1991,U,116 min,"Comedy, Drama, Thriller",7.7,A renowned New York playwright is enticed to California to write for the movies and discovers the hellish truth of Hollywood.,69.0,Joel Coen,Ethan Coen,John Turturro,John Goodman,Judy Davis,113240,"6,153,939"
"https://m.media-amazon.com/images/M/MV5BMTY2Njk3MTAzM15BMl5BanBnXkFtZTgwMTY5Mzk4NjE@._V1_UX67_CR0,0,67,98_AL_.jpg",Miller's Crossing,1990,R,115 min,"Crime, Drama, Thriller",7.7,"Tom Reagan, an advisor to a Prohibition-era crime boss, tries to keep the peace between warring mobs but gets caught in divided loyalties.",66.0,Joel Coen,Ethan Coen,Gabriel Byrne,Albert Finney,John Turturro,125822,"5,080,409"
"https://m.media-amazon.com/images/M/MV5BMDhiOTM2OTctODk3Ny00NWI4LThhZDgtNGQ4NjRiYjFkZGQzXkEyXkFqcGdeQXVyMTA0MjU0Ng@@._V1_UX67_CR0,0,67,98_AL_.jpg",Who Framed Roger Rabbit,1988,U,104 min,"Animation, Adventure, Comedy",7.7,A toon-hating detective is a cartoon rabbit's only hope to prove his innocence when he is accused of murder.,83.0,Robert Zemeckis,Bob Hoskins,Christopher Lloyd,Joanna Cassidy,Charles Fleischer,182009,"156,452,370"
"https://m.media-amazon.com/images/M/MV5BNDcwMTYzMjctN2M2Yy00ZDcxLWJhNTEtMGNhYzEwYzc2NDE4XkEyXkFqcGdeQXVyNTI4MjkwNjA@._V1_UY98_CR0,0,67,98_AL_.jpg",Spoorloos,1988,,107 min,"Mystery, Thriller",7.7,"Rex and Saskia, a young couple in love, are on vacation. They stop at a busy service station and Saskia is abducted. After three years and no sign of Saskia, Rex begins receiving letters from the abductor.",,George Sluizer,Bernard-Pierre Donnadieu,Gene Bervoets,Johanna ter Steege,Gwen Eckhaus,33982,
"https://m.media-amazon.com/images/M/MV5BYjE3ODY5OWEtZmE0Mi00MjUxLTg5MmUtZmFkMzM1N2VjMmU5XkEyXkFqcGdeQXVyNTI4MjkwNjA@._V1_UX67_CR0,0,67,98_AL_.jpg",Withnail & I,1987,R,107 min,"Comedy, Drama",7.7,"In 1969, two substance-abusing, unemployed actors retreat to the countryside for a holiday that proves disastrous.",84.0,Bruce Robinson,Richard E. Grant,Paul McGann,Richard Griffiths,Ralph Brown,40396,"1,544,889"
"https://m.media-amazon.com/images/M/MV5BZTk0NDU4YmItOTk0ZS00ODc2LTkwNGItNWI5MDJkNTJiYWMxXkEyXkFqcGdeQXVyNjUwNzk3NDc@._V1_UX67_CR0,0,67,98_AL_.jpg",The Last Emperor,1987,U,163 min,"Biography, Drama, History",7.7,The story of the final Emperor of China.,76.0,Bernardo Bertolucci,John Lone,Joan Chen,Peter O'Toole,Ruocheng Ying,94326,"43,984,230"
"https://m.media-amazon.com/images/M/MV5BMmQwNzczZDItNmI0OS00MjRmLTliYWItZWIyMjk1MTU4ZTQ4L2ltYWdlXkEyXkFqcGdeQXVyNTAyODkwOQ@@._V1_UX67_CR0,0,67,98_AL_.jpg",Empire of the Sun,1987,U,153 min,"Action, Drama, History",7.7,A young English boy struggles to survive under Japanese occupation during World War II.,62.0,Steven Spielberg,Christian Bale,John Malkovich,Miranda Richardson,Nigel Havers,115677,"22,238,696"
"https://m.media-amazon.com/images/M/MV5BZjEyZTdhNDMtMWFkMS00ZmRjLWEyNmEtZDU3MWFkNDEzMDYwXkEyXkFqcGdeQXVyNjc1NTYyMjg@._V1_UX67_CR0,0,67,98_AL_.jpg",Der Name der Rose,1986,R,130 min,"Crime, Drama, Mystery",7.7,An intellectually nonconformist friar investigates a series of mysterious deaths in an isolated abbey.,54.0,Jean-Jacques Annaud,Sean Connery,Christian Slater,Helmut Qualtinger,Elya Baskin,102031,"7,153,487"
"https://m.media-amazon.com/images/M/MV5BMzExOTczNTgtN2Q1Yy00MmI1LWE0NjgtNmIwMzdmZGNlODU1XkEyXkFqcGdeQXVyNDkzNTM2ODg@._V1_UX67_CR0,0,67,98_AL_.jpg",Blue Velvet,1986,A,120 min,"Drama, Mystery, Thriller",7.7,"The discovery of a severed human ear found in a field leads a young man on an investigation related to a beautiful, mysterious nightclub singer and a group of psychopathic criminals who have kidnapped her child.",76.0,David Lynch,Isabella Rossellini,Kyle MacLachlan,Dennis Hopper,Laura Dern,181285,"8,551,228"
"https://m.media-amazon.com/images/M/MV5BY2E1YWRlNzAtYzAwYy00MDg5LTlmYTUtYjdlZDI0NzFkNjNlL2ltYWdlL2ltYWdlXkEyXkFqcGdeQXVyNjQ2MjQ5NzM@._V1_UX67_CR0,0,67,98_AL_.jpg",The Purple Rose of Cairo,1985,U,82 min,"Comedy, Fantasy, Romance",7.7,"In New Jersey in 1935, a movie character walks off the screen and into the real world.",75.0,Woody Allen,Mia Farrow,Jeff Daniels,Danny Aiello,Irving Metzman,47102,"10,631,333"
"https://m.media-amazon.com/images/M/MV5BMTUxMjEzMzI2MV5BMl5BanBnXkFtZTgwNTU3ODAxMDE@._V1_UX67_CR0,0,67,98_AL_.jpg",After Hours,1985,UA,97 min,"Comedy, Crime, Drama",7.7,An ordinary word processor has the worst night of his life after he agrees to visit a girl in Soho who he met that evening at a coffee shop.,90.0,Martin Scorsese,Griffin Dunne,Rosanna Arquette,Verna Bloom,Tommy Chong,59635,"10,600,000"
"https://m.media-amazon.com/images/M/MV5BMGUwMjM0MTEtOGY2NS00MjJmLWEyMDAtYmNkMWJjOWJlNGM0XkEyXkFqcGdeQXVyMTQxNzMzNDI@._V1_UX67_CR0,0,67,98_AL_.jpg",Zelig,1983,PG,79 min,Comedy,7.7,"""Documentary"" about a man who can look and act like whoever he's around, and meets various famous people.",,Woody Allen,Woody Allen,Mia Farrow,Patrick Horgan,John Buckwalter,39881,"11,798,616"
"https://m.media-amazon.com/images/M/MV5BMTU5MzMwMzAzM15BMl5BanBnXkFtZTcwNjYyMjA0Mg@@._V1_UX67_CR0,0,67,98_AL_.jpg",The Verdict,1982,U,129 min,Drama,7.7,A lawyer sees the chance to salvage his career and self-respect by taking a medical malpractice case to trial rather than settling.,77.0,Sidney Lumet,Paul Newman,Charlotte Rampling,Jack Warden,James Mason,36096,"54,000,000"
"https://m.media-amazon.com/images/M/MV5BMzcyYWE5YmQtNDE1Yi00ZjlmLWFlZTAtMzRjODBiYjM3OTA3XkEyXkFqcGdeQXVyMTQxNzMzNDI@._V1_UX67_CR0,0,67,98_AL_.jpg",Star Trek II: The Wrath of Khan,1982,U,113 min,"Action, Adventure, Sci-Fi",7.7,"With the assistance of the Enterprise crew, Admiral Kirk must stop an old nemesis, Khan Noonien Singh, from using the life-generating Genesis Device as the ultimate weapon.",67.0,Nicholas Meyer,William Shatner,Leonard Nimoy,DeForest Kelley,James Doohan,112704,"78,912,963"
"https://m.media-amazon.com/images/M/MV5BODBmOWU2YWMtZGUzZi00YzRhLWJjNDAtYTUwNWVkNDcyZmU5XkEyXkFqcGdeQXVyNDk3NzU2MTQ@._V1_UX67_CR0,0,67,98_AL_.jpg",First Blood,1982,A,93 min,"Action, Adventure",7.7,A veteran Green Beret is forced by a cruel Sheriff and his deputies to flee into the mountains and wage an escalating one-man war against his pursuers.,61.0,Ted Kotcheff,Sylvester Stallone,Brian Dennehy,Richard Crenna,Bill McKinney,226541,"47,212,904"
"https://m.media-amazon.com/images/M/MV5BNWU3MDFkYWQtMWQ5YS00YTcwLThmNDItODY4OWE2ZTdhZmIwXkEyXkFqcGdeQXVyMjUzOTY1NTc@._V1_UX67_CR0,0,67,98_AL_.jpg",Ordinary People,1980,U,124 min,Drama,7.7,"The accidental death of the older son of an affluent family deeply strains the relationships among the bitter mother, the good-natured father, and the guilt-ridden younger son.",86.0,Robert Redford,Donald Sutherland,Mary Tyler Moore,Judd Hirsch,Timothy Hutton,47099,"54,800,000"
"https://m.media-amazon.com/images/M/MV5BZjA3YjdhMWEtYjc2Ni00YzVlLWI0MTUtMGZmNTJjNmU0Yzk2XkEyXkFqcGdeQXVyNzkwMjQ5NzM@._V1_UX67_CR0,0,67,98_AL_.jpg",Airplane!,1980,U,88 min,Comedy,7.7,A man afraid to fly must ensure that a plane lands safely after the pilots become sick.,78.0,Jim Abrahams,David Zucker,Jerry Zucker,Robert Hays,Julie Hagerty,214882,"83,400,000"
"https://m.media-amazon.com/images/M/MV5BYzYyNjg3OTctNzA2ZS00NjkzLWE4MmYtZDAzZWQ0NzkyMTJhXkEyXkFqcGdeQXVyMTMxODk2OTU@._V1_UX67_CR0,0,67,98_AL_.jpg",Rupan sansei: Kariosutoro no shiro,1979,U,100 min,"Animation, Adventure, Family",7.7,"A dashing thief, his gang of desperadoes and an intrepid policeman struggle to free a princess from an evil count's clutches, and learn the hidden secret to a fabulous treasure that she holds part of a key to.",71.0,Hayao Miyazaki,Yasuo Yamada,Eiko Masuyama,Kiyoshi Kobayashi,Makio Inoue,27014,
"https://m.media-amazon.com/images/M/MV5BNzk1OGU2NmMtNTdhZC00NjdlLWE5YTMtZTQ0MGExZTQzOGQyXkEyXkFqcGdeQXVyMTQxNzMzNDI@._V1_UX67_CR0,0,67,98_AL_.jpg",Halloween,1978,A,91 min,"Horror, Thriller",7.7,"Fifteen years after murdering his sister on Halloween night 1963, Michael Myers escapes from a mental hospital and returns to the small town of Haddonfield, Illinois to kill again.",87.0,John Carpenter,Donald Pleasence,Jamie Lee Curtis,Tony Moran,Nancy Kyes,233106,"47,000,000"
"https://m.media-amazon.com/images/M/MV5BYmVhMDQ1YWUtYjgxOS00NzYyLWI0ZGItNTg3ZjM0MmQ4NmIwXkEyXkFqcGdeQXVyMjQzMzQzODY@._V1_UY98_CR3,0,67,98_AL_.jpg",Le locataire,1976,R,126 min,"Drama, Thriller",7.7,A bureaucrat rents a Paris apartment where he finds himself drawn into a rabbit hole of dangerous paranoia.,71.0,Roman Polanski,Roman Polanski,Isabelle Adjani,Melvyn Douglas,Jo Van Fleet,39889,"1,924,733"
"https://m.media-amazon.com/images/M/MV5BMTYxMDk1NTA5NF5BMl5BanBnXkFtZTcwNDkzNzA2NA@@._V1_UX67_CR0,0,67,98_AL_.jpg",Love and Death,1975,PG,85 min,"Comedy, War",7.7,"In czarist Russia, a neurotic soldier and his distant cousin formulate a plot to assassinate Napoleon.",89.0,Woody Allen,Woody Allen,Diane Keaton,Georges Adet,Frank Adu,36037,
"https://m.media-amazon.com/images/M/MV5BMjE1NDY0NDk3Ml5BMl5BanBnXkFtZTcwMTAzMTM3NA@@._V1_UX67_CR0,0,67,98_AL_.jpg",The Taking of Pelham One Two Three,1974,U,104 min,"Action, Crime, Thriller",7.7,"In New York, armed men hijack a subway car and demand a ransom for the passengers. Even if it's paid, how could they get away?",68.0,Joseph Sargent,Walter Matthau,Robert Shaw,Martin Balsam,Hector Elizondo,26729,
"https://m.media-amazon.com/images/M/MV5BZGZmMWE1MDYtNzAyNC00MDMzLTgzZjQtNTQ5NjYzN2E4MzkzXkEyXkFqcGdeQXVyNDk3NzU2MTQ@._V1_UX67_CR0,0,67,98_AL_.jpg",Blazing Saddles,1974,A,93 min,"Comedy, Western",7.7,"In order to ruin a western town, a corrupt politician appoints a black Sheriff, who promptly becomes his most formidable adversary.",73.0,Mel Brooks,Cleavon Little,Gene Wilder,Slim Pickens,Harvey Korman,125993,"119,500,000"
"https://m.media-amazon.com/images/M/MV5BYTU4ZTI0NzAtYzMwNi00YmMxLThmZWItNTY5NzgyMDAwYWVhXkEyXkFqcGdeQXVyNjUwNzk3NDc@._V1_UX67_CR0,0,67,98_AL_.jpg",Serpico,1973,A,130 min,"Biography, Crime, Drama",7.7,An honest New York cop named Frank Serpico blows the whistle on rampant corruption in the force only to have his comrades turn against him.,87.0,Sidney Lumet,Al Pacino,John Randolph,Jack Kehoe,Biff McGuire,109941,"29,800,000"
"https://m.media-amazon.com/images/M/MV5BNGZiMTkyNzQtMDdmZi00ZDNkLWE4YTAtZGNlNTIzYzQyMGM2XkEyXkFqcGdeQXVyNjc1NTYyMjg@._V1_UX67_CR0,0,67,98_AL_.jpg",Enter the Dragon,1973,A,102 min,"Action, Crime, Drama",7.7,A secret agent comes to an opium lord's island fortress with other fighters for a martial-arts tournament.,83.0,Robert Clouse,Bruce Lee,John Saxon,Jim Kelly,Ahna Capri,96561,"25,000,000"
"https://m.media-amazon.com/images/M/MV5BZjBhYzU3NWItOWZjMy00NjI5LWFmYmItZmIyOWFlMDIxMWNiXkEyXkFqcGdeQXVyMTQxNzMzNDI@._V1_UX67_CR0,0,67,98_AL_.jpg",Deliverance,1972,U,109 min,"Adventure, Drama, Thriller",7.7,"Intent on seeing the Cahulawassee River before it's dammed and turned into a lake, outdoor fanatic Lewis Medlock takes his friends on a canoeing trip they'll never forget into the dangerous American back-country.",80.0,John Boorman,Jon Voight,Burt Reynolds,Ned Beatty,Ronny Cox,98740,"7,056,013"
"https://m.media-amazon.com/images/M/MV5BOTZhY2E3NmItMGIwNi00OTA2LThkYmEtODFiZTM0NGI0ZWU5XkEyXkFqcGdeQXVyNTc1NTQxODI@._V1_UY98_CR1,0,67,98_AL_.jpg",The French Connection,1971,A,104 min,"Action, Crime, Drama",7.7,A pair of NYC cops in the Narcotics Bureau stumble onto a drug smuggling job with a French connection.,94.0,William Friedkin,Gene Hackman,Roy Scheider,Fernando Rey,Tony Lo Bianco,110075,"15,630,710"
"https://m.media-amazon.com/images/M/MV5BMzdhMTM2YTItOWU2YS00MTM0LTgyNDYtMDM1OWM3NzkzNTM2XkEyXkFqcGdeQXVyNjc1NTYyMjg@._V1_UX67_CR0,0,67,98_AL_.jpg",Dirty Harry,1971,A,102 min,"Action, Crime, Thriller",7.7,"When a madman calling himself ""the Scorpio Killer"" menaces the city, tough-as-nails San Francisco Police Inspector ""Dirty"" Harry Callahan is assigned to track down and ferret out the crazed psychopath.",90.0,Don Siegel,Clint Eastwood,Andrew Robinson,Harry Guardino,Reni Santoni,143292,"35,900,000"
"https://m.media-amazon.com/images/M/MV5BNGE3ZWZiNzktMDIyOC00ZmVhLThjZTktZjQ5NjI4NGVhMDBlXkEyXkFqcGdeQXVyMjI4MjA5MzA@._V1_UX67_CR0,0,67,98_AL_.jpg",Where Eagles Dare,1968,U,158 min,"Action, Adventure, War",7.7,"Allied agents stage a daring raid on a castle where the Nazis are holding American brigadier general George Carnaby prisoner, but that's not all that's really going on.",63.0,Brian G. Hutton,Richard Burton,Clint Eastwood,Mary Ure,Patrick Wymark,51913,
"https://m.media-amazon.com/images/M/MV5BZDVhNzQxZDEtMzcyZC00ZDg1LWFkZDctOWYxZTY0ZmYzYjc2XkEyXkFqcGdeQXVyMjA0MDQ0Mjc@._V1_UX67_CR0,0,67,98_AL_.jpg",The Odd Couple,1968,G,105 min,Comedy,7.7,"Two friends try sharing an apartment, but their ideas of housekeeping and lifestyles are as different as night and day.",86.0,Gene Saks,Jack Lemmon,Walter Matthau,John Fiedler,Herb Edelman,31572,"44,527,234"
"https://m.media-amazon.com/images/M/MV5BM2Y1ZTI0NzktYzU3MS00YmE1LThkY2EtMDc0NGYxNTNlZDA5XkEyXkFqcGdeQXVyNTAyODkwOQ@@._V1_UX67_CR0,0,67,98_AL_.jpg",The Dirty Dozen,1967,,150 min,"Action, Adventure, War",7.7,"During World War II, a rebellious U.S. Army Major is assigned a dozen convicted murderers to train and lead them into a mass assassination mission of German officers.",73.0,Robert Aldrich,Lee Marvin,Ernest Borgnine,Charles Bronson,John Cassavetes,67183,"45,300,000"
"https://m.media-amazon.com/images/M/MV5BZjNkNGJjYWEtM2IyNi00ZjM5LWFlYjYtYjQ4NTU5MGFlMTI2XkEyXkFqcGdeQXVyMTMxMTY0OTQ@._V1_UY98_CR3,0,67,98_AL_.jpg",Belle de jour,1967,A,100 min,"Drama, Romance",7.7,A frigid young housewife decides to spend her midweek afternoons as a prostitute.,,Luis Buñuel,Catherine Deneuve,Jean Sorel,Michel Piccoli,Geneviève Page,40274,"26,331"
"https://m.media-amazon.com/images/M/MV5BMTRjOTA1NzctNzFmMy00ZjcwLWExYjgtYWQyZDM5ZWY1Y2JlXkEyXkFqcGdeQXVyMDI2NDg0NQ@@._V1_UX67_CR0,0,67,98_AL_.jpg",A Man for All Seasons,1966,U,120 min,"Biography, Drama, History",7.7,"The story of Sir Thomas More, who stood up to King Henry VIII when the King rejected the Roman Catholic Church to obtain a divorce and remarry.",72.0,Fred Zinnemann,Paul Scofield,Wendy Hiller,Robert Shaw,Leo McKern,31222,"28,350,000"
"https://m.media-amazon.com/images/M/MV5BZTU5ZThjNzAtNjc4NC00OTViLWIxYTYtODFmMTk5Y2NjZjZiL2ltYWdlL2ltYWdlXkEyXkFqcGdeQXVyNjc1NTYyMjg@._V1_UX67_CR0,0,67,98_AL_.jpg",Repulsion,1965,,105 min,"Drama, Horror, Thriller",7.7,A sex-repulsed woman who disapproves of her sister's boyfriend sinks into depression and has horrific visions of rape and violence.,91.0,Roman Polanski,Catherine Deneuve,Ian Hendry,John Fraser,Yvonne Furneaux,48883,
"https://m.media-amazon.com/images/M/MV5BYzdlYmQ3MWMtMDY3My00MzVmLTg0YmMtYjRlZDUzNjBlMmE0L2ltYWdlL2ltYWdlXkEyXkFqcGdeQXVyNjc1NTYyMjg@._V1_UX67_CR0,0,67,98_AL_.jpg",Zulu,1964,U,138 min,"Drama, History, War",7.7,Outnumbered British soldiers do battle with Zulu warriors at Rorke's Drift.,77.0,Cy Endfield,Stanley Baker,Jack Hawkins,Ulla Jacobsson,James Booth,35999,
"https://m.media-amazon.com/images/M/MV5BMTQ2MzE0OTU3NV5BMl5BanBnXkFtZTcwNjQxNTgzNA@@._V1_UX67_CR0,0,67,98_AL_.jpg",Goldfinger,1964,A,110 min,"Action, Adventure, Thriller",7.7,"While investigating a gold magnate's smuggling, James Bond uncovers a plot to contaminate the Fort Knox gold reserve.",87.0,Guy Hamilton,Sean Connery,Gert Fröbe,Honor Blackman,Shirley Eaton,174119,"51,081,062"
"https://m.media-amazon.com/images/M/MV5BMTAxNDA1ODc5MDleQTJeQWpwZ15BbWU4MDg2MDA4OTEx._V1_UX67_CR0,0,67,98_AL_.jpg",The Birds,1963,A,119 min,"Drama, Horror, Mystery",7.7,A wealthy San Francisco socialite pursues a potential boyfriend to a small Northern California town that slowly takes a turn for the bizarre when birds of all kinds suddenly begin to attack people.,90.0,Alfred Hitchcock,Rod Taylor,Tippi Hedren,Jessica Tandy,Suzanne Pleshette,171739,"11,403,529"
"https://m.media-amazon.com/images/M/MV5BOWNlMTJmMWUtYjk0MC00M2U4LWI1ODItZDgxNDZiODFmNjc5XkEyXkFqcGdeQXVyMTAwMzUyOTc@._V1_UX67_CR0,0,67,98_AL_.jpg",Cape Fear,1962,Passed,106 min,"Drama, Thriller",7.7,A lawyer's family is stalked by a man he once helped put in jail.,76.0,J. Lee Thompson,Gregory Peck,Robert Mitchum,Polly Bergen,Lori Martin,26457,
"https://m.media-amazon.com/images/M/MV5BZjM3ZTAzZDYtZmFjZS00YmQ1LWJlOWEtN2I4MDRmYzY5YmRlL2ltYWdlXkEyXkFqcGdeQXVyMjgyNjk3MzE@._V1_UX67_CR0,0,67,98_AL_.jpg",Peeping Tom,1960,,101 min,"Drama, Horror, Thriller",7.7,"A young man murders women, using a movie camera to film their dying expressions of terror.",,Michael Powell,Karlheinz Böhm,Anna Massey,Moira Shearer,Maxine Audley,31354,"83,957"
"https://m.media-amazon.com/images/M/MV5BMzYyNzU0MTM1OF5BMl5BanBnXkFtZTcwMzE1ODE1NA@@._V1_UX67_CR0,0,67,98_AL_.jpg",The Magnificent Seven,1960,Approved,128 min,"Action, Adventure, Western",7.7,Seven gunfighters are hired by Mexican peasants to liberate their village from oppressive bandits.,74.0,John Sturges,Yul Brynner,Steve McQueen,Charles Bronson,Eli Wallach,87719,"4,905,000"
"https://m.media-amazon.com/images/M/MV5BNzBiMWRhNzQtMjZhZS00NzFmLWE5YWMtOWY4NzIxMjYzZTEyXkEyXkFqcGdeQXVyMzg2MzE2OTE@._V1_UY98_CR3,0,67,98_AL_.jpg",Les yeux sans visage,1960,,90 min,"Drama, Horror",7.7,"A surgeon causes an accident which leaves his daughter disfigured, and goes to extremes to give her a new face.",90.0,Georges Franju,Pierre Brasseur,Alida Valli,Juliette Mayniel,Alexandre Rignault,27620,"52,709"
"https://m.media-amazon.com/images/M/MV5BYTExYjM3MDYtMzg4MC00MjU4LTljZjAtYzdlMTFmYTJmYTE4XkEyXkFqcGdeQXVyNTAyODkwOQ@@._V1_UX67_CR0,0,67,98_AL_.jpg",Invasion of the Body Snatchers,1956,Approved,80 min,"Drama, Horror, Sci-Fi",7.7,A small-town doctor learns that the population of his community is being replaced by emotionless alien duplicates.,92.0,Don Siegel,Kevin McCarthy,Dana Wynter,Larry Gates,King Donovan,44839,
"https://m.media-amazon.com/images/M/MV5BMTg2ODcxOTU1OV5BMl5BanBnXkFtZTgwNzA3ODI1MDE@._V1_UX67_CR0,0,67,98_AL_.jpg",Rebel Without a Cause,1955,PG-13,111 min,Drama,7.7,"A rebellious young man with a troubled past comes to a new town, finding friends and enemies.",89.0,Nicholas Ray,James Dean,Natalie Wood,Sal Mineo,Jim Backus,83363,
"https://m.media-amazon.com/images/M/MV5BYTVlM2JmOGQtNWEwYy00NDQzLWIyZmEtOGZhMzgxZGRjZDA0XkEyXkFqcGdeQXVyMDI2NDg0NQ@@._V1_UX67_CR0,0,67,98_AL_.jpg",The Ladykillers,1955,,91 min,"Comedy, Crime",7.7,Five oddball criminals planning a bank robbery rent rooms on a cul-de-sac from an octogenarian widow under the pretext that they are classical musicians.,91.0,Alexander Mackendrick,Alec Guinness,Peter Sellers,Cecil Parker,Herbert Lom,26464,
"https://m.media-amazon.com/images/M/MV5BYmFlNTA1NWItODQxNC00YjFmLWE3ZWYtMzg3YTkwYmMxMjY2XkEyXkFqcGdeQXVyMTMxMTY0OTQ@._V1_UX67_CR0,0,67,98_AL_.jpg",Sabrina,1954,Passed,113 min,"Comedy, Drama, Romance",7.7,"A playboy becomes interested in the daughter of his family's chauffeur, but it's his more serious brother who would be the better man for her.",72.0,Billy Wilder,Humphrey Bogart,Audrey Hepburn,William Holden,Walter Hampden,59415,
"https://m.media-amazon.com/images/M/MV5BMWM1ZDhlM2MtNDNmMi00MDk4LTg5MjgtODE4ODk1MjYxOTIwXkEyXkFqcGdeQXVyNjc0MzMzNjA@._V1_UX67_CR0,0,67,98_AL_.jpg",The Quiet Man,1952,Passed,129 min,"Comedy, Drama, Romance",7.7,"A retired American boxer returns to the village of his birth in Ireland, where he falls for a spirited redhead whose brother is contemptuous of their union.",,John Ford,John Wayne,Maureen O'Hara,Barry Fitzgerald,Ward Bond,34677,"10,550,000"
"https://m.media-amazon.com/images/M/MV5BMTU5NTBmYTAtOTgyYi00NGM0LWE0ODctZjNiYWM5MmIxYzE4XkEyXkFqcGdeQXVyNTAyODkwOQ@@._V1_UX67_CR0,0,67,98_AL_.jpg",The Day the Earth Stood Still,1951,U,92 min,"Drama, Sci-Fi",7.7,An alien lands and tells the people of Earth that they must live peacefully or be destroyed as a danger to other planets.,,Robert Wise,Michael Rennie,Patricia Neal,Hugh Marlowe,Sam Jaffe,76315,
"https://m.media-amazon.com/images/M/MV5BYzM3YjE2NGMtODY3Zi00NTY0LWE4Y2EtMTE5YzNmM2U1NTg2XkEyXkFqcGdeQXVyMTY5Nzc4MDY@._V1_UX67_CR0,0,67,98_AL_.jpg",The African Queen,1951,PG,105 min,"Adventure, Drama, Romance",7.7,"In WWI Africa, a gin-swilling riverboat captain is persuaded by a strait-laced missionary to use his boat to attack an enemy warship.",91.0,John Huston,Humphrey Bogart,Katharine Hepburn,Robert Morley,Peter Bull,71481,"536,118"
"https://m.media-amazon.com/images/M/MV5BYWUxMzViZTUtNTYxNy00YjY4LWJmMjYtMzNlOThjNjhiZmZkXkEyXkFqcGdeQXVyMDI2NDg0NQ@@._V1_UX67_CR0,0,67,98_AL_.jpg",Gilda,1946,Approved,110 min,"Drama, Film-Noir, Romance",7.7,A small-time gambler hired to work in a Buenos Aires casino discovers his employer's new wife is his former lover.,,Charles Vidor,Rita Hayworth,Glenn Ford,George Macready,Joseph Calleia,27991,
"https://m.media-amazon.com/images/M/MV5BMjAxMTI1Njk3OF5BMl5BanBnXkFtZTgwNjkzODk4NTE@._V1_UX67_CR0,0,67,98_AL_.jpg",Fantasia,1940,G,125 min,"Animation, Family, Fantasy",7.7,A collection of animated interpretations of great works of Western classical music.,96.0,James Algar,Samuel Armstrong,Ford Beebe Jr.,Norman Ferguson,David Hand,88662,"76,408,097"
"https://m.media-amazon.com/images/M/MV5BYjllMmE0Y2YtYWIwZi00OWY1LWJhNWItYzM2MmNiYmFiZmRmXkEyXkFqcGdeQXVyNjc1NTYyMjg@._V1_UX67_CR0,0,67,98_AL_.jpg",The Invisible Man,1933,TV-PG,71 min,"Horror, Sci-Fi",7.7,"A scientist finds a way of becoming invisible, but in doing so, he becomes murderously insane.",87.0,James Whale,Claude Rains,Gloria Stuart,William Harrigan,Henry Travers,30683,
"https://m.media-amazon.com/images/M/MV5BODQ0M2Y5M2QtZGIwMC00MzJjLThlMzYtNmE3ZTMzZTYzOGEwXkEyXkFqcGdeQXVyMTkxNjUyNQ@@._V1_UX67_CR0,0,67,98_AL_.jpg",Dark Waters,2019,PG-13,126 min,"Biography, Drama, History",7.6,A corporate defense attorney takes on an environmental lawsuit against a chemical company that exposes a lengthy history of pollution.,73.0,Todd Haynes,Mark Ruffalo,Anne Hathaway,Tim Robbins,Bill Pullman,60408,
"https://m.media-amazon.com/images/M/MV5BMjIwOTA3NDI3MF5BMl5BanBnXkFtZTgwNzIzMzA5NTM@._V1_UX67_CR0,0,67,98_AL_.jpg",Searching,2018,U/A,102 min,"Drama, Mystery, Thriller",7.6,"After his teenage daughter goes missing, a desperate father tries to find clues on her laptop.",71.0,Aneesh Chaganty,John Cho,Debra Messing,Joseph Lee,Michelle La,140840,"26,020,957"
"https://m.media-amazon.com/images/M/MV5BOTg4ZTNkZmUtMzNlZi00YmFjLTk1MmUtNWQwNTM0YjcyNTNkXkEyXkFqcGdeQXVyNjg2NjQwMDQ@._V1_UX67_CR0,0,67,98_AL_.jpg",Once Upon a Time... in Hollywood,2019,A,161 min,"Comedy, Drama",7.6,A faded television actor and his stunt double strive to achieve fame and success in the final years of Hollywood's Golden Age in 1969 Los Angeles.,83.0,Quentin Tarantino,Leonardo DiCaprio,Brad Pitt,Margot Robbie,Emile Hirsch,551309,"142,502,728"
"https://m.media-amazon.com/images/M/MV5BNzk2NmU3NmEtMTVhNS00NzJhLWE1M2ItMThjZjI5NWM3YmFmXkEyXkFqcGdeQXVyMjA1MzUyODk@._V1_UY98_CR1,0,67,98_AL_.jpg",Nelyubov,2017,R,127 min,Drama,7.6,A couple going through a divorce must team up to find their son who has disappeared during one of their bitter arguments.,86.0,Andrey Zvyagintsev,Maryana Spivak,Aleksey Rozin,Matvey Novikov,Marina Vasileva,29765,"566,356"
"https://m.media-amazon.com/images/M/MV5BMjg4ZmY1MmItMjFjOS00ZTg2LWJjNDYtNDM2YmM2NzhiNmZhXkEyXkFqcGdeQXVyNTAzMTY4MDA@._V1_UX67_CR0,0,67,98_AL_.jpg",The Florida Project,2017,A,111 min,Drama,7.6,"Set over one summer, the film follows precocious six-year-old Moonee as she courts mischief and adventure with her ragtag playmates and bonds with her rebellious but caring mother, all while living in the shadows of Walt Disney World.",92.0,Sean Baker,Brooklynn Prince,Bria Vinaite,Willem Dafoe,Christopher Rivera,95181,"5,904,366"
"https://m.media-amazon.com/images/M/MV5BYmM4YzA5NjUtZGEyOS00YzllLWJmM2UtZjhhNmJhM2E1NjUxXkEyXkFqcGdeQXVyMTkxNjUyNQ@@._V1_UX67_CR0,0,67,98_AL_.jpg",Just Mercy,2019,A,137 min,"Biography, Crime, Drama",7.6,World-renowned civil rights defense attorney Bryan Stevenson works to free a wrongly condemned death row prisoner.,68.0,Destin Daniel Cretton,Michael B. Jordan,Jamie Foxx,Brie Larson,Charlie Pye Jr.,46739,
"https://m.media-amazon.com/images/M/MV5BMjQ2NDU3NDE0M15BMl5BanBnXkFtZTgwMjA3OTg0MDI@._V1_UX67_CR0,0,67,98_AL_.jpg",Gifted,2017,PG-13,101 min,Drama,7.6,"Frank, a single man raising his child prodigy niece Mary, is drawn into a custody battle with his mother.",60.0,Marc Webb,Chris Evans,Mckenna Grace,Lindsay Duncan,Octavia Spencer,99643,"24,801,212"
"https://m.media-amazon.com/images/M/MV5BOWVmZGQ0MGYtMDI1Yy00MDkxLWJiYjQtMmZjZmQ0NDFmMDRhXkEyXkFqcGdeQXVyNjg3MDMxNzU@._V1_UX67_CR0,0,67,98_AL_.jpg",The Peanut Butter Falcon,2019,PG-13,97 min,"Adventure, Comedy, Drama",7.6,Zak runs away from his care home to make his dream of becoming a wrestler come true.,70.0,Tyler Nilson,Michael Schwartz,Zack Gottsagen,Ann Owens,Dakota Johnson,66346,"13,122,642"
"https://m.media-amazon.com/images/M/MV5BMTc5NzQzNjk2NF5BMl5BanBnXkFtZTgwODU0MjI5NjE@._V1_UY98_CR0,0,67,98_AL_.jpg",Victoria,2015,,138 min,"Crime, Drama, Romance",7.6,A young Spanish woman who has recently moved to Berlin finds her flirtation with a local guy turn potentially deadly as their night out with his friends reveals a dangerous secret.,77.0,Sebastian Schipper,Laia Costa,Frederick Lau,Franz Rogowski,Burak Yigit,52903,
"https://m.media-amazon.com/images/M/MV5BMTkwODUzODA0OV5BMl5BanBnXkFtZTgwMTA3ODkxNzE@._V1_UY98_CR0,0,67,98_AL_.jpg",Mustang,2015,PG-13,97 min,Drama,7.6,"When five orphan girls are seen innocently playing with boys on a beach, their scandalized conservative guardians confine them while forced marriages are arranged.",83.0,Deniz Gamze Ergüven,Günes Sensoy,Doga Zeynep Doguslu,Tugba Sunguroglu,Elit Iscan,35785,"845,464"
"https://m.media-amazon.com/images/M/MV5BNjM0NTc0NzItM2FlYS00YzEwLWE0YmUtNTA2ZWIzODc2OTgxXkEyXkFqcGdeQXVyNTgwNzIyNzg@._V1_UX67_CR0,0,67,98_AL_.jpg",Guardians of the Galaxy Vol. 2,2017,UA,136 min,"Action, Adventure, Comedy",7.6,"The Guardians struggle to keep together as a team while dealing with their personal family issues, notably Star-Lord's encounter with his father the ambitious celestial being Ego.",67.0,James Gunn,Chris Pratt,Zoe Saldana,Dave Bautista,Vin Diesel,569974,"389,813,101"
"https://m.media-amazon.com/images/M/MV5BMjM3MjQ1MzkxNl5BMl5BanBnXkFtZTgwODk1ODgyMjI@._V1_UX67_CR0,0,67,98_AL_.jpg",Baby Driver,2017,UA,113 min,"Action, Crime, Drama",7.6,"After being coerced into working for a crime boss, a young getaway driver finds himself taking part in a heist doomed to fail.",86.0,Edgar Wright,Ansel Elgort,Jon Bernthal,Jon Hamm,Eiza González,439406,"107,825,862"
"https://m.media-amazon.com/images/M/MV5BYWFlOWI3YTMtYTk3NS00YWQ2LTlmYTMtZjk0ZDk4Y2NjODI0XkEyXkFqcGdeQXVyNTQxNTQ4Mg@@._V1_UX67_CR0,0,67,98_AL_.jpg",Only the Brave,2017,UA,134 min,"Action, Biography, Drama",7.6,"Based on the true story of the Granite Mountain Hotshots, a group of elite firefighters who risk everything to protect a town from a historic wildfire.",72.0,Joseph Kosinski,Josh Brolin,Miles Teller,Jeff Bridges,Jennifer Connelly,58371,"18,340,051"
"https://m.media-amazon.com/images/M/MV5BMjIxOTI0MjU5NV5BMl5BanBnXkFtZTgwNzM4OTk4NTE@._V1_UX67_CR0,0,67,98_AL_.jpg",Bridge of Spies,2015,UA,142 min,"Drama, History, Thriller",7.6,"During the Cold War, an American lawyer is recruited to defend an arrested Soviet spy in court, and then help the CIA facilitate an exchange of the spy for the Soviet captured American U2 spy plane pilot, Francis Gary Powers.",81.0,Steven Spielberg,Tom Hanks,Mark Rylance,Alan Alda,Amy Ryan,287659,"72,313,754"
"https://m.media-amazon.com/images/M/MV5BMTEzNzY0OTg0NTdeQTJeQWpwZ15BbWU4MDU3OTg3MjUz._V1_UX67_CR0,0,67,98_AL_.jpg",Incredibles 2,2018,UA,118 min,"Animation, Action, Adventure",7.6,The Incredibles family takes on a new mission which involves a change in family roles: Bob Parr (Mr. Incredible) must manage the house while his wife Helen (Elastigirl) goes out to save the world.,80.0,Brad Bird,Craig T. Nelson,Holly Hunter,Sarah Vowell,Huck Milner,250057,"608,581,744"
"https://m.media-amazon.com/images/M/MV5BMjI4MzU5NTExNF5BMl5BanBnXkFtZTgwNzY1MTEwMDI@._V1_UX67_CR0,0,67,98_AL_.jpg",Moana,2016,U,107 min,"Animation, Adventure, Comedy",7.6,"In Ancient Polynesia, when a terrible curse incurred by the Demigod Maui reaches Moana's island, she answers the Ocean's call to seek out the Demigod to set things right.",81.0,Ron Clements,John Musker,Don Hall,Chris Williams,Auli'i Cravalho,272784,"248,757,044"
"https://m.media-amazon.com/images/M/MV5BMjA5NjM3NTk1M15BMl5BanBnXkFtZTgwMzg1MzU2NjE@._V1_UX67_CR0,0,67,98_AL_.jpg",Sicario,2015,A,121 min,"Action, Crime, Drama",7.6,An idealistic FBI agent is enlisted by a government task force to aid in the escalating war against drugs at the border area between the U.S. and Mexico.,82.0,Denis Villeneuve,Emily Blunt,Josh Brolin,Benicio Del Toro,Jon Bernthal,371291,"46,889,293"
"https://m.media-amazon.com/images/M/MV5BNmZkYjQzY2QtNjdkNC00YjkzLTk5NjUtY2MyNDNiYTBhN2M2XkEyXkFqcGdeQXVyMjMwNDgzNjc@._V1_UX67_CR0,0,67,98_AL_.jpg",Creed,2015,A,133 min,"Drama, Sport",7.6,"The former World Heavyweight Champion Rocky Balboa serves as a trainer and mentor to Adonis Johnson, the son of his late friend and former rival Apollo Creed.",82.0,Ryan Coogler,Michael B. Jordan,Sylvester Stallone,Tessa Thompson,Phylicia Rashad,247666,"109,767,581"
"https://m.media-amazon.com/images/M/MV5BYTYxZjQ2YTktNmVkMC00ZTY4LThkZmItMDc4MTJiYjVhZjM0L2ltYWdlXkEyXkFqcGdeQXVyMjgyNjk3MzE@._V1_UY98_CR1,0,67,98_AL_.jpg",Leviafan,2014,R,140 min,"Crime, Drama",7.6,"In a Russian coastal town, Kolya is forced to fight the corrupt mayor when he is told that his house will be demolished. He recruits a lawyer friend to help, but the man's arrival brings further misfortune for Kolya and his family.",92.0,Andrey Zvyagintsev,Aleksey Serebryakov,Elena Lyadova,Roman Madyanov,Vladimir Vdovichenkov,49397,"1,092,800"
"https://m.media-amazon.com/images/M/MV5BMTg4NDA1OTA5NF5BMl5BanBnXkFtZTgwMDQ2MDM5ODE@._V1_UX67_CR0,0,67,98_AL_.jpg",Hell or High Water,2016,R,102 min,"Action, Crime, Drama",7.6,A divorced father and his ex-con older brother resort to a desperate scheme in order to save their family's ranch in West Texas.,88.0,David Mackenzie,Chris Pine,Ben Foster,Jeff Bridges,Gil Birmingham,204175,"26,862,450"
"https://m.media-amazon.com/images/M/MV5BMjA5ODgyNzcxMV5BMl5BanBnXkFtZTgwMzkzOTYzMDE@._V1_UX67_CR0,0,67,98_AL_.jpg",Philomena,2013,PG-13,98 min,"Biography, Comedy, Drama",7.6,"A world-weary political journalist picks up the story of a woman's search for her son, who was taken away from her decades ago after she became pregnant and was forced to live in a convent.",77.0,Stephen Frears,Judi Dench,Steve Coogan,Sophie Kennedy Clark,Mare Winningham,94212,"37,707,719"
"https://m.media-amazon.com/images/M/MV5BMTgwODk3NDc1N15BMl5BanBnXkFtZTgwNTc1NjQwMjE@._V1_UX67_CR0,0,67,98_AL_.jpg",Dawn of the Planet of the Apes,2014,UA,130 min,"Action, Adventure, Drama",7.6,A growing nation of genetically evolved apes led by Caesar is threatened by a band of human survivors of the devastating virus unleashed a decade earlier.,79.0,Matt Reeves,Gary Oldman,Keri Russell,Andy Serkis,Kodi Smit-McPhee,411599,"208,545,589"
"https://m.media-amazon.com/images/M/MV5BNGMxZjFkN2EtMDRiMS00ZTBjLWI0M2MtZWUyYjFhZGViZDJlXkEyXkFqcGdeQXVyMTMxODk2OTU@._V1_UX67_CR0,0,67,98_AL_.jpg",El cuerpo,2012,,112 min,"Mystery, Thriller",7.6,A detective searches for the body of a femme fatale which has gone missing from a morgue.,,Oriol Paulo,Jose Coronado,Hugo Silva,Belén Rueda,Aura Garrido,57549,
